SemSearch_ES-43	katt		katt williams live
SemSearch_ES-43	williams		katt williams live
SemSearch_ES-43	live		katt williams live
SemSearch_ES-43	katt williams		katt williams live
SemSearch_ES-43	williams live		katt williams live
SemSearch_ES-44	kaz		kaz vaporizer
SemSearch_ES-44	vaporize		kaz vaporizer
SemSearch_ES-44	kaz vaporize		kaz vaporizer
SemSearch_ES-46	key		key hooks
SemSearch_ES-46	hook		key hooks
SemSearch_ES-46	key hook		key hooks
SemSearch_ES-62	mst3000		mst3000
SemSearch_ES-92	willow		willow ridge
SemSearch_ES-92	ridge		willow ridge
SemSearch_ES-92	willow ridge		willow ridge
SemSearch_ES-110	dr		dr dan martin
SemSearch_ES-110	dan		dr dan martin
SemSearch_ES-110	martin		dr dan martin
SemSearch_ES-110	dr dan		dr dan martin
SemSearch_ES-110	dan martin		dr dan martin
SemSearch_ES-113	geneva		geneva construction
SemSearch_ES-113	construction		geneva construction
SemSearch_ES-113	geneva construction		geneva construction
SemSearch_ES-116	hockessin		hockessin library
SemSearch_ES-116	library		hockessin library
SemSearch_ES-116	hockessin library		hockessin library
SemSearch_ES-117	dutch		holland bakery jakarta
SemSearch_ES-117	bakery		holland bakery jakarta
SemSearch_ES-117	jakarta		holland bakery jakarta
SemSearch_ES-117	dutch bakery		holland bakery jakarta
SemSearch_ES-117	bakery jakarta		holland bakery jakarta
SemSearch_ES-121	marie		marie kojzar
SemSearch_ES-121	kojzar		marie kojzar
SemSearch_ES-121	marie kojzar		marie kojzar
SemSearch_ES-122	metropark		metropark clothing
SemSearch_ES-122	clothing		metropark clothing
SemSearch_ES-122	metropark clothing		metropark clothing
SemSearch_ES-126	oakland		oakland flea market
SemSearch_ES-126	flea		oakland flea market
SemSearch_ES-126	market		oakland flea market
SemSearch_ES-126	oakland flea		oakland flea market
SemSearch_ES-126	flea market		oakland flea market
SemSearch_LS-15	henry		henry ii's brothers and sisters
SemSearch_LS-15	ii		henry ii's brothers and sisters
SemSearch_LS-15	brother		henry ii's brothers and sisters
SemSearch_LS-15	sister		henry ii's brothers and sisters
SemSearch_LS-15	henry ii		henry ii's brothers and sisters
SemSearch_LS-15	ii brother		henry ii's brothers and sisters
SemSearch_LS-15	brother sister		henry ii's brothers and sisters
SemSearch_LS-23	manfre		manfred von richthofen parents
SemSearch_LS-23	von		manfred von richthofen parents
SemSearch_LS-23	richthofen		manfred von richthofen parents
SemSearch_LS-23	parent		manfred von richthofen parents
SemSearch_LS-23	manfre von		manfred von richthofen parents
SemSearch_LS-23	von richthofen		manfred von richthofen parents
SemSearch_LS-23	richthofen parent		manfred von richthofen parents
SemSearch_LS-27	movies		movies starring joe frazier
SemSearch_LS-27	star		movies starring joe frazier
SemSearch_LS-27	joe		movies starring joe frazier
SemSearch_LS-27	frazier		movies starring joe frazier
SemSearch_LS-27	movies star		movies starring joe frazier
SemSearch_LS-27	star joe		movies starring joe frazier
SemSearch_LS-27	joe frazier		movies starring joe frazier
SemSearch_LS-28	movies		movies starring rafael rosell
SemSearch_LS-28	star		movies starring rafael rosell
SemSearch_LS-28	rafael		movies starring rafael rosell
SemSearch_LS-28	rosell		movies starring rafael rosell
SemSearch_LS-28	movies star		movies starring rafael rosell
SemSearch_LS-28	star rafael		movies starring rafael rosell
SemSearch_LS-28	rafael rosell		movies starring rafael rosell
SemSearch_LS-45	tv		what tv shows has thomas jane been in
SemSearch_LS-45	show		what tv shows has thomas jane been in
SemSearch_LS-45	thomas		what tv shows has thomas jane been in
SemSearch_LS-45	jane		what tv shows has thomas jane been in
SemSearch_LS-45	tv show		what tv shows has thomas jane been in
SemSearch_LS-45	show thomas		what tv shows has thomas jane been in
SemSearch_LS-45	thomas jane		what tv shows has thomas jane been in
SemSearch_LS-47	create		who created stumbleupon
SemSearch_LS-47	stumbleupon		who created stumbleupon
SemSearch_LS-47	create stumbleupon		who created stumbleupon
SemSearch_LS-48	jackie		who has jackie weaver been married to
SemSearch_LS-48	weaver		who has jackie weaver been married to
SemSearch_LS-48	married		who has jackie weaver been married to
SemSearch_LS-48	jackie weaver		who has jackie weaver been married to
SemSearch_LS-48	weaver married		who has jackie weaver been married to
